street,suburb,lat,lng,date,ref,archiveUrl,licenseUrl,thumb
17 Ann Street,Fortitude Valley,-27.460824,153.032664,March 2026,PI-20260310-FV-ANN-001,https://photoindex.photodeck.com/?search=ann-street,https://photoindex.photodeck.com/licensing,https://d38zjy0x98992m.cloudfront.net/019cd721-6e55-7dd4-b9e8-40152364fd4c/2_Brisbane_Architecture_xlarge.jpg
119 Montague Road,West End,-27.472447,153.013442,March 2026,PI-20260310-WE-MON-001,https://photoindex.photodeck.com/?search=montague-road,https://photoindex.photodeck.com/licensing,https://d38zjy0x98992m.cloudfront.net/019cd721-6e55-7dd4-b9e8-40152364fd4c/2_Brisbane_Architecture_xlarge.jpg
street,suburb,lat,lng,date,count,address,ref,archiveUrl,licenseUrl,thumb
17 Ann Street,Fortitude Valley,-27.460824,153.032664,March 2026,1,17 Ann Street,PI-20260310-FV-ANN-001,https://photoindex.photodeck.com/?search=ann-street,https://photoindex.photodeck.com/licensing,https://d38zjy0x98992m.cloudfront.net/019cd721-6e55-7dd4-b9e8-40152364fd4c/2_Brisbane_Architecture_xlarge.jpg
119 Montague Road,West End,-27.472447,153.013442,March 2026,1,119 Montague Road,PI-20260310-WE-MON-001,https://photoindex.photodeck.com/?search=montague-road,https://photoindex.photodeck.com/licensing,https://d38zjy0x98992m.cloudfront.net/019cd721-6e55-7dd4-b9e8-40152364fd4c/2_Brisbane_Architecture_xlarge.jpg
21 Ann Street,Fortitude Valley,-27.460884,153.032864,March 2026,3,21 Ann Street,PI-20260310-FV-ANN-002,https://photoindex.photodeck.com/?search=ann-street,https://photoindex.photodeck.com/licensing,https://d38zjy0x98992m.cloudfront.net/019cd721-6e55-7dd4-b9e8-40152364fd4c/2_Brisbane_Architecture_xlarge.jpg
25 Ann Street,Fortitude Valley,-27.460944,153.033064,March 2026,6,25 Ann Street,PI-20260310-FV-ANN-003,https://photoindex.photodeck.com/?search=ann-street,https://photoindex.photodeck.com/licensing,https://d38zjy0x98992m.cloudfront.net/019cd721-6e55-7dd4-b9e8-40152364fd4c/2_Brisbane_Architecture_xlarge.jpg
29 Ann Street,Fortitude Valley,-27.461004,153.033264,March 2026,9,29 Ann Street,PI-20260310-FV-ANN-004,https://photoindex.photodeck.com/?search=ann-street,https://photoindex.photodeck.com/licensing,https://d38zjy0x98992m.cloudfront.net/019cd721-6e55-7dd4-b9e8-40152364fd4c/2_Brisbane_Architecture_xlarge.jpg
33 Ann Street,Fortitude Valley,-27.461064,153.033464,March 2026,2,33 Ann Street,PI-20260310-FV-ANN-005,https://photoindex.photodeck.com/?search=ann-street,https://photoindex.photodeck.com/licensing,https://d38zjy0x98992m.cloudfront.net/019cd721-6e55-7dd4-b9e8-40152364fd4c/2_Brisbane_Architecture_xlarge.jpg
37 Ann Street,Fortitude Valley,-27.461124,153.033664,March 2026,5,37 Ann Street,PI-20260310-FV-ANN-006,https://photoindex.photodeck.com/?search=ann-street,https://photoindex.photodeck.com/licensing,https://d38zjy0x98992m.cloudfront.net/019cd721-6e55-7dd4-b9e8-40152364fd4c/2_Brisbane_Architecture_xlarge.jpg
